{
    "steps": [
        {
            "id": "start",
            "name": "start",
            "description": null
        },
        {
            "id": "1-hello-world",
            "name": "1-hello-world",
            "description": null
        },
        {
            "id": "2-structured-data",
            "name": "2-structured-data",
            "description": null
        },
        {
            "id": "3-cloud-storage",
            "name": "3-cloud-storage",
            "description": null
        },
        {
            "id": "4-auth",
            "name": "4-auth",
            "description": null
        },
        {
            "id": "5-logging",
            "name": "5-logging",
            "description": null
        },
        {
            "id": "6-pubsub",
            "name": "6-pubsub",
            "description": null
        },
        {
            "id": "optional-kubernetes-engine",
            "name": "optional-kubernetes-engine",
            "description": null
        },
        {
            "id": "optional-compute-engine",
            "name": "optional-compute-engine",
            "description": null
        }
    ],
    "sha": false
}